Jordan,Glenn,P.O. Box 127, 6388 Faucibus Rd.,Vancouver,162.265,-32.03763
Chandler,Randall,918-2539 Vivamus Street,Victor Harbor,-92.28299,-28.28038
Denise,Everett,Ap #435-4018 In Avenue,Siquirres,-25.77438,6.71303
Hu,Haney,2510 Est St.,Sclayn,116.98002,-30.4238
Dara,Roth,4483 Vitae, Avenue,Luckenwalde,-118.76367,61.54001
Courtney,Blanchard,P.O. Box 797, 7668 At St.,Kinross,-90.71666,-72.30905
Colton,Vega,P.O. Box 402, 2087 Nec St.,Queenstown,-43.72292,15.19886
Ivana,Harmon,2884 Sit Rd.,Longueville,160.94197,49.43861
Judith,Juarez,Ap #347-9434 Orci. Road,Montebelluna,24.54826,7.48984
Athena,Carson,Ap #249-3973 Etiam Avenue,Fleurus,45.00292,32.76241
Maris,Bass,Ap #451-7827 Diam Rd.,Rocca Santo Stefano,-5.40566,13.5726
Odette,Yates,6860 Posuere Rd.,Leersum,140.29447,79.07569
Adria,Douglas,693-9903 Nec St.,Milano,-105.79204,-5.14725
Ruby,Bass,P.O. Box 909, 485 Penatibus Ave,Houston,-109.34683,-6.14747
Candace,Lowe,P.O. Box 659, 1834 Adipiscing Rd.,Arsimont,-119.68455,-38.8223
Camden,Prince,316-7050 Ultrices St.,Gatineau,-156.31105,30.35805
Veda,Fleming,Ap #365-1713 Euismod Av.,Hastings,-105.1144,44.73704
Elton,Clemons,9486 Risus Ave,Marilles,-1.51842,87.31701
Slade,Mcfadden,787-4569 Sed Av.,Valéncia,5.65728,-47.89652
Dorothy,Hampton,542-5813 Dapibus Av.,Bevel,65.48445,80.53317
Tucker,Branch,P.O. Box 949, 945 Blandit Avenue,Driffield,176.48074,-53.35294
Barry,Berg,P.O. Box 321, 8233 Nullam Ave,Rosarno,-97.66729,84.18446
Colby,Barrett,P.O. Box 785, 1472 Enim St.,Murdochville,-76.85705,-38.26658
Amery,Conner,571-2636 Montes, Av.,Mesa,-154.62475,-64.79529
Kendall,Oneil,1854 Egestas Rd.,Valpelline,130.24809,0.15789
Elijah,Caldwell,1811 Ac Avenue,Aurangabad,-4.33806,18.0382
Hedda,Joyce,7938 Dui Rd.,Springfield,136.05264,-60.71392
Stone,Duncan,105-5078 Mi Ave,Boncelles,-165.64748,-24.23753
Imogene,George,9377 Eleifend St.,South Portland,91.93959,-21.17918
Amanda,Lopez,8132 Luctus Rd.,Steenokkerzeel,-29.47636,-39.69772
Miranda,Hutchinson,5433 Malesuada Ave,San Sebastiano al Vesuvio,15.83131,77.03105
Ronan,Lopez,P.O. Box 820, 890 Ac St.,Biez,-126.83742,82.65165
Burke,Rowe,Ap #847-5224 Augue, Ave,Kayseri,95.6837,51.23718
Geraldine,Gibbs,P.O. Box 409, 7071 Sem Avenue,Marzabotto,-134.31659,-76.24247
Adrian,Walsh,P.O. Box 254, 9638 Pellentesque, Avenue,South Portland,-83.82667,77.76605
Akeem,Gilliam,P.O. Box 404, 8147 Justo Rd.,Linsmeau,-143.44388,43.21099
Howard,Guthrie,Ap #860-8145 Mauris Street,Coaldale,-6.94037,-0.33008
Quin,Hanson,P.O. Box 170, 2227 Dignissim St.,Milford Haven,-93.06716,-17.42206
Quinn,Ellis,261-3214 Tristique Ave,Castelseprio,24.21488,26.89665
Malcolm,Delacruz,Ap #610-8340 Risus. St.,Castello dell'Acqua,147.75152,-16.67103
Kirestin,Franklin,Ap #420-6606 Libero. Ave,Labrecque,-150.11187,-11.10709
Forrest,Meadows,587-1747 Eget Ave,Castel di Tora,79.99853,41.94441
Carissa,Raymond,950-9283 Vehicula. St.,Shreveport,7.44484,-36.04047
Germane,Wilder,P.O. Box 175, 7738 Condimentum St.,Gallodoro,164.85655,-46.20669
Elton,Fletcher,P.O. Box 783, 3885 Rhoncus. Rd.,Hawera,140.24488,-55.31796
Erica,Norman,P.O. Box 804, 4800 Blandit Ave,Chestermere,9.05986,-36.8458
Otto,Dyer,4540 Phasellus Av.,Kędzierzyn-Koźle,111.74547,26.14591
Giacomo,Houston,Ap #381-598 Euismod Rd.,Satara,121.97592,45.14909
Nash,Shannon,1026 Ipsum Road,Retford,45.65593,2.45032
Jerome,Brewer,495 Iaculis Avenue,Annapolis Royal,-26.55635,-2.017
James,Mcgowan,1260 Fusce Av.,Saint-Pierre,-111.6417,50.08942
Aurelia,Coleman,738-1398 Mauris Road,Mobile,-32.72504,22.52563
Caldwell,Powell,Ap #703-7926 Ut St.,Napoli,-105.832,78.31412
Gemma,Mccarthy,783-2329 Proin Avenue,Filey,156.35824,56.22668
Emerald,Holder,8110 Imperdiet Av.,Aalst,-94.23234,-56.24031
Andrew,Cook,P.O. Box 231, 789 Augue. Street,Wolkrange,165.88827,38.10577
Darius,Church,728-6478 Dolor. Road,Civo,-106.9523,-66.88813
Brittany,Weaver,P.O. Box 164, 9844 Pede, Av.,Hollogne-sur-Geer,63.40573,-79.95258
Kibo,Johnson,7193 Mollis. Ave,Bhiwani,-132.16172,15.34641
Leah,Hess,1814 Et, St.,Gressoney-Saint-Jean,-179.22551,17.66815
Xerxes,Garrison,224-4199 Magnis Road,Saint-Dié-des-Vosges,-23.01808,-1.26139
Price,Cardenas,P.O. Box 801, 3037 Massa. Street,Gorzów Wielkopolski,97.48011,-11.41482
Eugenia,Higgins,P.O. Box 959, 537 Aliquet Rd.,Pune,-78.35424,-35.77232
Gillian,Melton,P.O. Box 162, 8215 Montes, Rd.,Sonnino,107.57651,-73.71464
Sybill,English,5407 A, Avenue,Jabbeke,-61.6576,53.21568
Cassidy,Delacruz,187-8043 Senectus Ave,Strijtem,106.69528,66.41664
Hakeem,Gregory,P.O. Box 719, 9916 Rutrum Street,Borgerhout,-20.28746,30.61349
Pearl,Warren,9670 Ligula. St.,Cairo Montenotte,-47.32824,-70.2955
Sarah,Cooke,Ap #539-5972 In St.,Lusevera,-109.03028,5.8515
John,Wise,P.O. Box 702, 702 Cras Rd.,Drongen,-46.7392,71.20704
Lawrence,Dunlap,P.O. Box 656, 9438 Tortor St.,Joliet,145.05614,27.54038
Nomlanga,Mccarthy,Ap #130-4727 Euismod Av.,Buren,160.88477,26.24415
Clark,Ayers,286-2754 Odio Road,Buckie,95.27091,31.30674
Amy,Carter,P.O. Box 746, 7423 Enim, St.,Ligney,63.86295,-33.76276
Zachary,Delacruz,197-497 Nullam Ave,Wangaratta,150.65962,77.62855
Lacey,Henderson,419 Velit. Street,Milwaukee,157.46369,55.07296
Bree,Mcintyre,Ap #903-5650 Lobortis, Rd.,Tuglie,-98.02074,-49.79845
Hyacinth,Rosales,1484 Nulla St.,Quedlinburg,-158.89216,-78.97456
Laura,Wood,P.O. Box 806, 7013 Arcu. Rd.,Newport News,24.49432,21.85966
Beck,Payne,Ap #719-7488 Non Rd.,Duncan,-36.26491,82.77768
Nevada,Moss,975-2828 Ipsum Ave,Aurora,63.3167,-49.33359
Olga,Roth,918 Pede St.,Schore,94.23227,14.84489
Raven,Mcgee,4721 Ipsum St.,Gerpinnes,-67.26429,-74.53675
Jasmine,Shelton,448-6777 Sollicitudin Av.,Tewkesbury,-52.52014,-46.27713
Lacy,Copeland,P.O. Box 356, 6765 Vitae, Street,Castel di Tora,-54.39154,11.55297
Driscoll,Gibbs,P.O. Box 116, 6495 Gravida Rd.,Aklavik,150.59302,54.01873
Adam,Norman,P.O. Box 678, 4816 Nibh. Ave,Mandi Burewala,99.25397,20.82513
Ralph,Sykes,Ap #826-6133 Sit Rd.,Robechies,68.01502,-29.02129
Zane,Hahn,P.O. Box 380, 690 Ipsum Rd.,Gosselies,-106.71915,-37.98461
Ori,Gilbert,Ap #140-1716 Adipiscing, Rd.,Paderborn,17.12312,26.8553
Gisela,Vang,P.O. Box 539, 6493 Sed Av.,Maple Creek,-42.63061,-14.88924
Galvin,Gilbert,6329 Eu Avenue,Kamarhati,-163.65009,-89.24369
Gisela,Battle,4116 Non, Av.,Livorno,122.70308,-54.09654
Nelle,Nguyen,P.O. Box 872, 5039 Dapibus St.,Balvano,54.00987,46.68574
Philip,Nixon,P.O. Box 456, 2129 Tempus Ave,Serramonacesca,-50.10726,-20.70179
Keiko,Crawford,9050 Ipsum Avenue,Bairnsdale,119.59278,-28.474
Trevor,Nixon,555-4105 Urna Av.,Caloundra,117.95269,-31.47525
Karina,Bird,Ap #144-1424 Pellentesque Avenue,Bünyan,-82.1531,-88.48157
Raya,Willis,185-6460 Vestibulum Ave,Rebecq,59.3283,-35.97664
Portia,Gates,P.O. Box 838, 130 Nunc St.,Ussassai,44.74529,-25.50266
