id,firstName,lastName,address,city,state,zip,longitude,latitude
1,Jordan,Glenn,"P.O. Box 127, 6388 Faucibus Rd.",Vancouver,Austria,VA1J 6LK,162.265,-32.03763
2,Chandler,Randall,918-2539 Vivamus Street,Victor Harbor,Latvia,397021,-92.28299,-28.28038
3,Denise,Everett,Ap #435-4018 In Avenue,Siquirres,Afghanistan,981571,-25.77438,6.71303
4,Hu,Haney,2510 Est St.,Sclayn,Curaçao,7244,116.98002,-30.4238
5,Dara,Roth,"4483 Vitae, Avenue",Luckenwalde,"Korea, North",62104,-118.76367,61.54001
6,Courtney,Blanchard,"P.O. Box 797, 7668 At St.",Kinross,Curaçao,74710,-90.71666,-72.30905
7,Colton,Vega,"P.O. Box 402, 2087 Nec St.",Queenstown,Nicaragua,75374,-43.72292,15.19886
8,Ivana,Harmon,2884 Sit Rd.,Longueville,Japan,29727,160.94197,49.43861
9,Judith,Juarez,Ap #347-9434 Orci. Road,Montebelluna,Colombia,7402,24.54826,7.48984
10,Athena,Carson,Ap #249-3973 Etiam Avenue,Fleurus,Falkland Islands,458852,45.00292,32.76241
11,Maris,Bass,Ap #451-7827 Diam Rd.,Rocca Santo Stefano,Denmark,50-214,-5.40566,13.5726
12,Odette,Yates,6860 Posuere Rd.,Leersum,Mauritius,20711,140.29447,79.07569
13,Adria,Douglas,693-9903 Nec St.,Milano,Aruba,Z8J 9NR,-105.79204,-5.14725
14,Ruby,Bass,"P.O. Box 909, 485 Penatibus Ave",Houston,Togo,M9K 4C5,-109.34683,-6.14747
15,Candace,Lowe,"P.O. Box 659, 1834 Adipiscing Rd.",Arsimont,Bhutan,4154,-119.68455,-38.8223
16,Camden,Prince,316-7050 Ultrices St.,Gatineau,Gambia,598201,-156.31105,30.35805
17,Veda,Fleming,Ap #365-1713 Euismod Av.,Hastings,Isle of Man,999452,-105.1144,44.73704
18,Elton,Clemons,9486 Risus Ave,Marilles,French Guiana,58474,-1.51842,87.31701
19,Slade,Mcfadden,787-4569 Sed Av.,Valéncia,Yemen,8384RR,5.65728,-47.89652
20,Dorothy,Hampton,542-5813 Dapibus Av.,Bevel,Paraguay,7927,65.48445,80.53317
21,Tucker,Branch,"P.O. Box 949, 945 Blandit Avenue",Driffield,Poland,21824,176.48074,-53.35294
22,Barry,Berg,"P.O. Box 321, 8233 Nullam Ave",Rosarno,Niue,7689,-97.66729,84.18446
23,Colby,Barrett,"P.O. Box 785, 1472 Enim St.",Murdochville,Georgia,4332TQ,-76.85705,-38.26658
24,Amery,Conner,"571-2636 Montes, Av.",Mesa,Egypt,26093,-154.62475,-64.79529
25,Kendall,Oneil,1854 Egestas Rd.,Valpelline,Aruba,2571,130.24809,0.15789
26,Elijah,Caldwell,1811 Ac Avenue,Aurangabad,Madagascar,3543LN,-4.33806,18.0382
27,Hedda,Joyce,7938 Dui Rd.,Springfield,Pakistan,7152,136.05264,-60.71392
28,Stone,Duncan,105-5078 Mi Ave,Boncelles,Armenia,422142,-165.64748,-24.23753
29,Imogene,George,9377 Eleifend St.,South Portland,France,2668,91.93959,-21.17918
30,Amanda,Lopez,8132 Luctus Rd.,Steenokkerzeel,French Southern Territories,48-977,-29.47636,-39.69772
31,Miranda,Hutchinson,5433 Malesuada Ave,San Sebastiano al Vesuvio,Algeria,41808,15.83131,77.03105
32,Ronan,Lopez,"P.O. Box 820, 890 Ac St.",Biez,Argentina,X5Y 4G9,-126.83742,82.65165
33,Burke,Rowe,"Ap #847-5224 Augue, Ave",Kayseri,Iran,38-086,95.6837,51.23718
34,Geraldine,Gibbs,"P.O. Box 409, 7071 Sem Avenue",Marzabotto,United States,2216,-134.31659,-76.24247
35,Adrian,Walsh,"P.O. Box 254, 9638 Pellentesque, Avenue",South Portland,Finland,12695,-83.82667,77.76605
36,Akeem,Gilliam,"P.O. Box 404, 8147 Justo Rd.",Linsmeau,Costa Rica,P0S 4N9,-143.44388,43.21099
37,Howard,Guthrie,Ap #860-8145 Mauris Street,Coaldale,"Bonaire, Sint Eustatius and Saba",58-318,-6.94037,-0.33008
38,Quin,Hanson,"P.O. Box 170, 2227 Dignissim St.",Milford Haven,"Korea, North",21616,-93.06716,-17.42206
39,Quinn,Ellis,261-3214 Tristique Ave,Castelseprio,Saudi Arabia,7682,24.21488,26.89665
40,Malcolm,Delacruz,Ap #610-8340 Risus. St.,Castello dell'Acqua,Solomon Islands,786724,147.75152,-16.67103
41,Kirestin,Franklin,Ap #420-6606 Libero. Ave,Labrecque,Saint Lucia,35537,-150.11187,-11.10709
42,Forrest,Meadows,587-1747 Eget Ave,Castel di Tora,Grenada,72092-323,79.99853,41.94441
43,Carissa,Raymond,950-9283 Vehicula. St.,Shreveport,El Salvador,82977,7.44484,-36.04047
44,Germane,Wilder,"P.O. Box 175, 7738 Condimentum St.",Gallodoro,Senegal,5048,164.85655,-46.20669
45,Elton,Fletcher,"P.O. Box 783, 3885 Rhoncus. Rd.",Hawera,Bouvet Island,89385,140.24488,-55.31796
46,Erica,Norman,"P.O. Box 804, 4800 Blandit Ave",Chestermere,Brazil,951196,9.05986,-36.8458
47,Otto,Dyer,4540 Phasellus Av.,Kędzierzyn-Koźle,Isle of Man,ER9 6IK,111.74547,26.14591
48,Giacomo,Houston,Ap #381-598 Euismod Rd.,Satara,Indonesia,49236,121.97592,45.14909
49,Nash,Shannon,1026 Ipsum Road,Retford,Nicaragua,60919,45.65593,2.45032
50,Jerome,Brewer,495 Iaculis Avenue,Annapolis Royal,Egypt,70250,-26.55635,-2.017
51,James,Mcgowan,1260 Fusce Av.,Saint-Pierre,Croatia,38992,-111.6417,50.08942
52,Aurelia,Coleman,738-1398 Mauris Road,Mobile,Turkmenistan,37934,-32.72504,22.52563
53,Caldwell,Powell,Ap #703-7926 Ut St.,Napoli,France,K6T 5N8,-105.832,78.31412
54,Gemma,Mccarthy,783-2329 Proin Avenue,Filey,Comoros,38550,156.35824,56.22668
55,Emerald,Holder,8110 Imperdiet Av.,Aalst,Papua New Guinea,31911,-94.23234,-56.24031
56,Andrew,Cook,"P.O. Box 231, 789 Augue. Street",Wolkrange,Vanuatu,589424,165.88827,38.10577
57,Darius,Church,728-6478 Dolor. Road,Civo,Holy See (Vatican City State),1167SB,-106.9523,-66.88813
58,Brittany,Weaver,"P.O. Box 164, 9844 Pede, Av.",Hollogne-sur-Geer,China,T0J 7P1,63.40573,-79.95258
59,Kibo,Johnson,7193 Mollis. Ave,Bhiwani,Kuwait,60809,-132.16172,15.34641
60,Leah,Hess,"1814 Et, St.",Gressoney-Saint-Jean,Mauritius,36203,-179.22551,17.66815
61,Xerxes,Garrison,224-4199 Magnis Road,Saint-Dié-des-Vosges,Georgia,256572,-23.01808,-1.26139
62,Price,Cardenas,"P.O. Box 801, 3037 Massa. Street",Gorzów Wielkopolski,Dominica,49699,97.48011,-11.41482
63,Eugenia,Higgins,"P.O. Box 959, 537 Aliquet Rd.",Pune,"Congo, the Democratic Republic of the",8502,-78.35424,-35.77232
64,Gillian,Melton,"P.O. Box 162, 8215 Montes, Rd.",Sonnino,Albania,31705,107.57651,-73.71464
65,Sybill,English,"5407 A, Avenue",Jabbeke,Dominican Republic,51719,-61.6576,53.21568
66,Cassidy,Delacruz,187-8043 Senectus Ave,Strijtem,Czech Republic,5457,106.69528,66.41664
67,Hakeem,Gregory,"P.O. Box 719, 9916 Rutrum Street",Borgerhout,Angola,4637,-20.28746,30.61349
68,Pearl,Warren,9670 Ligula. St.,Cairo Montenotte,Iraq,40868,-47.32824,-70.2955
69,Sarah,Cooke,Ap #539-5972 In St.,Lusevera,Antigua and Barbuda,71738-580,-109.03028,5.8515
70,John,Wise,"P.O. Box 702, 702 Cras Rd.",Drongen,Guinea-Bissau,37422,-46.7392,71.20704
71,Lawrence,Dunlap,"P.O. Box 656, 9438 Tortor St.",Joliet,Samoa,2912,145.05614,27.54038
72,Nomlanga,Mccarthy,Ap #130-4727 Euismod Av.,Buren,Greece,4825,160.88477,26.24415
73,Clark,Ayers,286-2754 Odio Road,Buckie,"Congo, the Democratic Republic of the",34419,95.27091,31.30674
74,Amy,Carter,"P.O. Box 746, 7423 Enim, St.",Ligney,Norway,0637ZO,63.86295,-33.76276
75,Zachary,Delacruz,197-497 Nullam Ave,Wangaratta,Qatar,19940,150.65962,77.62855
76,Lacey,Henderson,419 Velit. Street,Milwaukee,Somalia,5957,157.46369,55.07296
77,Bree,Mcintyre,"Ap #903-5650 Lobortis, Rd.",Tuglie,Congo (Brazzaville),45783,-98.02074,-49.79845
78,Hyacinth,Rosales,1484 Nulla St.,Quedlinburg,Uganda,25376,-158.89216,-78.97456
79,Laura,Wood,"P.O. Box 806, 7013 Arcu. Rd.",Newport News,Malta,1898,24.49432,21.85966
80,Beck,Payne,Ap #719-7488 Non Rd.,Duncan,Cameroon,244097,-36.26491,82.77768
81,Nevada,Moss,975-2828 Ipsum Ave,Aurora,Philippines,20028-894,63.3167,-49.33359
82,Olga,Roth,918 Pede St.,Schore,Sierra Leone,30-615,94.23227,14.84489
83,Raven,Mcgee,4721 Ipsum St.,Gerpinnes,Malaysia,3697,-67.26429,-74.53675
84,Jasmine,Shelton,448-6777 Sollicitudin Av.,Tewkesbury,New Caledonia,6599,-52.52014,-46.27713
85,Lacy,Copeland,"P.O. Box 356, 6765 Vitae, Street",Castel di Tora,China,3314,-54.39154,11.55297
86,Driscoll,Gibbs,"P.O. Box 116, 6495 Gravida Rd.",Aklavik,Kazakhstan,64875,150.59302,54.01873
87,Adam,Norman,"P.O. Box 678, 4816 Nibh. Ave",Mandi Burewala,Equatorial Guinea,TN2 7HC,99.25397,20.82513
88,Ralph,Sykes,Ap #826-6133 Sit Rd.,Robechies,Angola,2170,68.01502,-29.02129
89,Zane,Hahn,"P.O. Box 380, 690 Ipsum Rd.",Gosselies,Dominican Republic,3973,-106.71915,-37.98461
90,Ori,Gilbert,"Ap #140-1716 Adipiscing, Rd.",Paderborn,Guadeloupe,15827,17.12312,26.8553
91,Gisela,Vang,"P.O. Box 539, 6493 Sed Av.",Maple Creek,Italy,1280,-42.63061,-14.88924
92,Galvin,Gilbert,6329 Eu Avenue,Kamarhati,Cyprus,47059,-163.65009,-89.24369
93,Gisela,Battle,"4116 Non, Av.",Livorno,Reunion,79797,122.70308,-54.09654
94,Nelle,Nguyen,"P.O. Box 872, 5039 Dapibus St.",Balvano,Philippines,87567,54.00987,46.68574
95,Philip,Nixon,"P.O. Box 456, 2129 Tempus Ave",Serramonacesca,Iraq,4366,-50.10726,-20.70179
96,Keiko,Crawford,9050 Ipsum Avenue,Bairnsdale,Saint Pierre and Miquelon,59944,119.59278,-28.474
97,Trevor,Nixon,555-4105 Urna Av.,Caloundra,India,V1X 6B3,117.95269,-31.47525
98,Karina,Bird,Ap #144-1424 Pellentesque Avenue,Bünyan,Lithuania,9782,-82.1531,-88.48157
99,Raya,Willis,185-6460 Vestibulum Ave,Rebecq,"Korea, North",86241,59.3283,-35.97664
100,Portia,Gates,"P.O. Box 838, 130 Nunc St.",Ussassai,Tonga,92156,44.74529,-25.50266